id,category_id,name,description,price,image_url,is_active,is_special,created_at,has_discount,discount_price
023522e3-390f-4f0f-a265-0900139a1da4,270399c6-56d6-4f7c-8800-3e346317f4ca,Ichiro roll,"Salmón, palta, cebollín en atún, y salsa acevichada",6000,,false,false,2026-02-12 05:35:25.632329+00,false,
04ceec7c-cd03-4fbc-8b00-950cc5b5ad92,cf3bee05-fb7d-482a-8f2d-40b95a8da915,Tery hot,"Pollo tery, queso crema, cebollín en panko",5000,,true,false,2026-02-12 05:35:25.632329+00,false,
07cc3a65-f891-48b3-b11c-f14303eb79e1,66ec04c4-f5cd-45c4-a004-631367cdbbc5,Chicken California,"Pollo apanado, queso crema, kanikama apanado",4500,https://res.cloudinary.com/dzdgrm4ub/image/upload/v1771044064/menu/mqclqdkw62hifzjij2x8.png,true,false,2026-02-12 05:35:25.632329+00,false,
07d223b4-e580-413d-84f9-06a512a82d0d,66ec04c4-f5cd-45c4-a004-631367cdbbc5,Tery California,"Pollo teriyaki, queso y pimentón en cibulette o sésamo ",4500,,true,false,2026-02-12 05:35:25.632329+00,false,
0ecbe6a3-9504-48a0-9238-a73e4abb8f0e,bddba677-1036-4a04-af1c-c4883f4bcf83,Kento hot,"Palmito, pepino, cebollín envuelto en panko con topping de verduras salteadas y papas hilos ",5500,,true,false,2026-02-12 05:35:25.632329+00,false,
148ad338-6902-41ff-b34b-5ac6db96ff39,bdf2521b-3bc8-4243-aed6-a6d0f16bee71,Gohan de Pollo,"Bowl con base de arroz, palta, cebollín y queso crema con pollo",6000,,true,false,2026-02-12 05:35:25.632329+00,false,
158b0511-fc76-401a-a4f0-628479fadf14,54792bbb-44d8-463a-9309-d38d194e7c1f,Poseidon roll,"Kanikama, palta, cebollín, coronado con gratinado de salmón y queso crema terminado con salsa tery",7000,,true,false,2026-02-12 05:35:25.632329+00,false,
17bc34f6-bbcd-4bcb-88ed-cca546dba446,31b22d2f-e65c-4b90-b338-5bf8f2892314,Croquetas de Salmón,5 unidades con salsa tártara,4500,,false,false,2026-02-12 05:35:25.632329+00,false,
18840099-663c-4317-9a6b-86ad1d7260ae,fa4e3ca6-f567-4052-8b67-06a054989732,Osaki hot,"Pescado blanco apanado, salmón ahumado, queso crema en panko con topping de pasta dinamita y salsa tery",7500,,false,false,2026-02-12 05:35:25.632329+00,false,
188d4294-5ba2-4eee-9b1c-4d1e64d5dfea,2cfc64e1-b0bf-47f5-9966-579867456498,Ceviche vega,"Palta, cebolla y pepino envuelto en palta con topping de ceviche de champiñón",6000,,true,false,2026-02-12 05:35:25.632329+00,false,
1a8f8a78-7be9-43b1-9440-04bd875f0e47,2cfc64e1-b0bf-47f5-9966-579867456498,Plátano roll vegan,"Verduras tempura, queso crema, cebollín envuelto en plátano",5000,,true,false,2026-02-12 05:35:25.632329+00,false,
1ac79d21-733f-44a1-ad65-8ca74c776baa,54792bbb-44d8-463a-9309-d38d194e7c1f,Lemon roll,"Salmón tempura, queso crema, palta envuelto en salmón y rodajas de limón con salsa tery",6500,,true,false,2026-02-12 05:35:25.632329+00,false,
1c6c7740-efcf-4d01-918f-bcc6dbd26ff3,26c437fa-bfb1-4aee-942b-a1460aad5ef0,Sake light,"Salmón, queso crema, mango, kanikama apanado, pepino envuelto en palta con salsa mayomaracucha",7000,,true,false,2026-02-12 05:35:25.632329+00,false,
1e09d39b-57d4-4a5c-8ac1-75943d31cda2,270399c6-56d6-4f7c-8800-3e346317f4ca,Ebi exotic,"Camarón, queso crema, mango envuelto en salmón",6000,,true,false,2026-02-12 05:35:25.632329+00,false,
2078f106-9d2f-47a5-a362-d95e695183c7,31b22d2f-e65c-4b90-b338-5bf8f2892314,Gyozas Camarón,5 unidades de gyozas de camarón,4000,,false,false,2026-02-12 05:35:25.632329+00,false,
213b21f3-a519-45dd-bf7f-8b51bbf0ffdb,2cfc64e1-b0bf-47f5-9966-579867456498,Vegeta,"Pepino, palmito envuelto en palta con topping de verdura crispy y salsa acevichada",5000,,true,false,2026-02-12 05:35:25.632329+00,false,
25720ca7-eeaa-4762-8eae-77d40037a1af,2cfc64e1-b0bf-47f5-9966-579867456498,Champi avocado,"Champiñón, queso crema, pimiento envuelto en palta ",5000,https://res.cloudinary.com/dzdgrm4ub/image/upload/v1771046203/menu/f2qzrpxjehelyqjy55je.png,true,false,2026-02-12 05:35:25.632329+00,false,
29129c46-58ba-484b-8441-5b9497ffa1e4,270399c6-56d6-4f7c-8800-3e346317f4ca,Zetsu,"Pollo apanado, palta, cebollín en queso crema flameado con salsa tery",5700,,true,false,2026-02-12 05:35:25.632329+00,false,
2b11e80c-7c05-4721-b2ff-24e76429b48e,cf3bee05-fb7d-482a-8f2d-40b95a8da915,Kani hot,"Kanikama apanado, queso crema, mango en panko, topping de wakame y kani",5500,,true,false,2026-02-12 05:35:25.632329+00,false,
2fd0680f-63e2-4ad6-a181-f9bf18d60f39,70eea4ad-a3e6-45da-b976-86463d433da3,Sashimi 9 Cortes,9 cortes de salmón,8500,https://res.cloudinary.com/dzdgrm4ub/image/upload/v1771044263/menu/l21tmej4orhjf0okn7t8.png,true,false,2026-02-12 05:35:25.632329+00,false,
32d4514a-a332-4994-a17a-22be7674befd,fa4e3ca6-f567-4052-8b67-06a054989732,Valencia hot,"Camarón apanado, queso crema, cebollín en panko, topping de camarón mayonesa cebollín, un toque de salsa picante con salsa funji y salsa tery",7500,,false,false,2026-02-12 05:35:25.632329+00,false,
3350260e-fcad-4513-a4ca-c8f1464788b1,299de3b3-012f-4069-af46-24ffa3f67f49,Pescado Blanco,Pescado blanco en salsa blanca con champiñones acompañado con arroz o papa salteada,10500,,true,false,2026-02-12 05:35:25.632329+00,false,
3bdf8c24-4262-43cc-9aff-a12fea58476a,54792bbb-44d8-463a-9309-d38d194e7c1f,Ebi avocado,"Salmón, camarón, queso crema en palta",7000,,true,false,2026-02-12 05:35:25.632329+00,false,
4282965f-b3d3-4cb2-83f5-ccab4fd5fd8f,bdf2521b-3bc8-4243-aed6-a6d0f16bee71,Gohan de Camarones,"Bowl con base de arroz, palta, cebollín y queso crema con camarones",6500,,true,false,2026-02-12 05:35:25.632329+00,false,
458aa872-6695-4a57-b492-b7e09c8e8af7,26c437fa-bfb1-4aee-942b-a1460aad5ef0,Chipo roll,"Pollo tery, queso crema, cebollín, tempura crispy en palta",6300,,true,false,2026-02-12 05:35:25.632329+00,false,
49965b98-b116-4958-91a0-195f004c1a4d,54792bbb-44d8-463a-9309-d38d194e7c1f,Smook cheese,"Camarón apanado, palta y cebollín en queso crema flameado y salsa tery",6500,,true,false,2026-02-12 05:35:25.632329+00,false,
4add7479-87b2-4b1f-ae0d-50ef81bd6c9a,54792bbb-44d8-463a-9309-d38d194e7c1f,Futo rainbow,"Salmón, camaron, queso crema y mango en nori, salsa acevichada y toques de masago",7000,,false,false,2026-02-12 05:35:25.632329+00,false,
5285a0b6-1f7b-45d9-a11e-94d629d8f6f2,bddba677-1036-4a04-af1c-c4883f4bcf83,Champi hot,"Champiñón, queso crema, cebollín en panko",4900,https://res.cloudinary.com/dzdgrm4ub/image/upload/v1771046213/menu/y56nzd2in3cxatunvdyx.png,true,false,2026-02-12 05:35:25.632329+00,false,
530eacb5-3eef-4302-bca2-d65fa7709b4a,299de3b3-012f-4069-af46-24ffa3f67f49,Arroz con Mariscos,"Arroz con mariscos aderezado con exquisita salsa de ají amarillo, coronado con ensalada criolla",11000,,true,false,2026-02-12 05:35:25.632329+00,false,
56660b08-59cd-43d0-bb26-5f85e37a5f5f,299de3b3-012f-4069-af46-24ffa3f67f49,Tepanyaki,Arroz frito estilo tailandés acompañado con cebolla y champiñones con la proteína de tu elección a la plancha,7000,,true,false,2026-02-12 05:35:25.632329+00,false,
58585f30-55d4-4412-bab0-c2e271ef2573,54792bbb-44d8-463a-9309-d38d194e7c1f,Selva green,"Camarón tempura, palta, kanikama apanado en queso crema y wakame con salsa spicy",7600,,false,false,2026-02-12 05:35:25.632329+00,false,
5abe82f5-bfbd-4b51-b294-9bc1eadf1d05,31b22d2f-e65c-4b90-b338-5bf8f2892314,Champi Cheese,5 champiñones rellenos de queso crema y verduras,4500,,false,false,2026-02-12 05:35:25.632329+00,false,
5e1b3f38-8e9d-4fd6-8244-5796c5f6914d,31b22d2f-e65c-4b90-b338-5bf8f2892314,Arrollado Jamón Queso,5 unidades con salsa soya o teriyaki,3500,,false,false,2026-02-12 05:35:25.632329+00,false,
5f2b68dc-ce12-4e7e-bb07-f8ce67430a8d,9db40b16-3b36-4aed-b0e5-4acba23a14f3,2 Hand Roll,Hand roll de pollo y hand roll de kanikama,5500,,true,false,2026-02-12 05:35:25.632329+00,false,
5fd900c1-357c-4ef7-ab5b-2290dcd3adf8,fa4e3ca6-f567-4052-8b67-06a054989732,Spicy hot,"Salmón, queso crema, palta envuelto en panko con salsa spicy y Sriracha",6500,,true,false,2026-02-12 05:35:25.632329+00,false,
636fb019-17eb-47e8-b263-906cda4dddb9,299de3b3-012f-4069-af46-24ffa3f67f49,Tallarines a la Huancaína con Marisco,Tallarines en salsa huancaína acompañado de marisco,11000,,true,false,2026-02-12 05:35:25.632329+00,false,
64d3f99b-a43e-4997-a767-63ff3512ec64,54792bbb-44d8-463a-9309-d38d194e7c1f,Tanjiro roll,"Kanikama apanado, palta y cebollín en sésamo, con topping de camarones gratinados en queso crema y mix de salsas",7500,,true,false,2026-02-12 05:35:25.632329+00,false,
679e94c8-3c34-459c-ac55-32e2ab8b8424,299de3b3-012f-4069-af46-24ffa3f67f49,Pollo Takiri,"Pollo salteado con champiñones, arroz y ensalada fresca",8000,,true,false,2026-02-12 05:35:25.632329+00,false,
67cf16a4-ec5c-4b7f-991c-4a507eb22133,bdf2521b-3bc8-4243-aed6-a6d0f16bee71,Gohan de Vegetales,"Bowl con base de arroz, palta, cebollín y queso crema con vegetales",6000,,true,false,2026-02-12 05:35:25.632329+00,false,
687f57b1-62e1-407d-bfa6-7eb92ddd5305,299de3b3-012f-4069-af46-24ffa3f67f49,Lomo Salteado,Lomo salteado con vegetales estilo peruano acompañado de arroz y papas fritas,12500,,true,false,2026-02-12 05:35:25.632329+00,false,
68e219c2-04c8-429b-8aff-2f640b212ff1,bdf2521b-3bc8-4243-aed6-a6d0f16bee71,Gohan Salmón Pollo,"Bowl con base de arroz, palta, cebollín y queso crema con salmón y pollo",7500,,true,false,2026-02-12 05:35:25.632329+00,false,
6994dc18-4519-4bc8-a268-13a4bf771144,54792bbb-44d8-463a-9309-d38d194e7c1f,Alaska fresh,"Salmón, queso crema, mango en palta y salmón",7000,https://res.cloudinary.com/dzdgrm4ub/image/upload/v1771047812/menu/txlg5jkhcu1jhm7akpzy.png,true,false,2026-02-12 05:35:25.632329+00,false,
6d1567ad-f527-4fb0-a33a-c442c964e214,270399c6-56d6-4f7c-8800-3e346317f4ca,Ebi sake roll,"Salmón, camarón apanado, cebollín en palta",6000,,true,false,2026-02-12 05:35:25.632329+00,false,
6dbecdd3-9a31-4b45-b808-23e1a542e30c,31b22d2f-e65c-4b90-b338-5bf8f2892314,Pollo Kids,Trocitos de pollo apanado,4000,,true,false,2026-02-12 05:35:25.632329+00,false,
6e107cd6-0301-4e52-b1aa-f6148f3c50c2,2cfc64e1-b0bf-47f5-9966-579867456498,Crispy vegan,"Champiñón tempura, zanahoria tempura, cebollín envuelto en palta con topping de tempura crispy",5000,https://res.cloudinary.com/dzdgrm4ub/image/upload/v1771047638/menu/r0xlztek9tvjlfy4mjww.png,true,false,2026-02-12 05:35:25.632329+00,false,
70be3681-af7b-4d4e-bf1d-94423d180332,54792bbb-44d8-463a-9309-d38d194e7c1f,Uzumaki roll,"Salmón, queso crema y kanikama apanado en plátano con puntos de salsa dinamita y salsa tery",7000,,true,false,2026-02-12 05:35:25.632329+00,false,
725dac92-3f99-4a8b-a6ff-b33dcecce92a,66ec04c4-f5cd-45c4-a004-631367cdbbc5,Ebi Fresh,"Camarón, queso crema y palta en sésamo ",5000,,true,false,2026-02-12 05:35:25.632329+00,false,
73dc531f-4804-42e7-9240-11e1b72ca8fc,668e6e50-01b0-4b82-b842-1bf85eb6e1b4,Tiraditos de Atún,"12 finos cortes de atún con palta, bañado en salsa especial oishi con un toque de togarashi y cilantro",12000,,true,false,2026-02-12 05:35:25.632329+00,false,
75b215b3-e9f4-4e20-9183-a5e8b827145e,66ec04c4-f5cd-45c4-a004-631367cdbbc5,Alaska Rolls,"Salmón, queso crema, palta en sésamo",5000,https://res.cloudinary.com/dzdgrm4ub/image/upload/v1771047836/menu/nt7z5fxvue2tromdoh7s.png,true,false,2026-02-12 05:35:25.632329+00,false,
763aaf22-3429-4463-ad7a-f476dddd06f9,31b22d2f-e65c-4b90-b338-5bf8f2892314,Arrollado Primavera,5 unidades con salsa soya o teriyaki,3500,,false,false,2026-02-12 05:35:25.632329+00,false,
79b37135-55c2-42a4-bbee-017f2dfd0c88,26c437fa-bfb1-4aee-942b-a1460aad5ef0,Goku roll,"Salmón, atún, pescado blanco, palta, queso en nori, salsa acevichada y masago",8500,,false,false,2026-02-12 05:35:25.632329+00,false,
7a653b4a-ea82-4b77-8517-13910a43e8ef,9db40b16-3b36-4aed-b0e5-4acba23a14f3,Handroll de pollo,"Pollo, queso crema, cebollin, frito",3000,,true,false,2026-02-15 04:25:31.871642+00,false,
7bf6145b-d1f0-4644-931a-8c3fb8ae654c,cf3bee05-fb7d-482a-8f2d-40b95a8da915,Yasai hot,"Champiñón tempura, queso crema, cebollín, palmito en panko",4800,,true,false,2026-02-12 05:35:25.632329+00,false,
80a0cb6e-f83d-4b6a-bd02-ca283c58bc13,70eea4ad-a3e6-45da-b976-86463d433da3,Sashimi 3 Cortes,"3 cortes de salmón ",4000,https://res.cloudinary.com/dzdgrm4ub/image/upload/v1771044248/menu/aumt6nxtt1uhkdyxpdn3.png,true,false,2026-02-12 05:35:25.632329+00,false,
819b753a-6203-4a4e-8e7a-83ff36613351,9db40b16-3b36-4aed-b0e5-4acba23a14f3,3 Hand Roll,"Hand roll de pollo, hand roll de kanikama y hand roll de camarones",8500,,true,false,2026-02-12 05:35:25.632329+00,false,
81a4f063-124e-43c5-87e6-2979cf6e1841,9db40b16-3b36-4aed-b0e5-4acba23a14f3,20 Piezas,"10 piezas de pollo en sésamo o ciboulette, 10 piezas de camarón en panko",8200,https://res.cloudinary.com/dzdgrm4ub/image/upload/v1771047796/menu/hxnnn4cgjttxrpr0lpbi.png,true,false,2026-02-12 05:35:25.632329+00,false,
8344e46d-9a6d-428a-b870-1a09fe36a2bd,270399c6-56d6-4f7c-8800-3e346317f4ca,Chicken tery,"Pollo teriyaki, queso crema y cebollín envuelto en palta",5500,https://res.cloudinary.com/dzdgrm4ub/image/upload/v1771044145/menu/zmtehxjmthv09zzpz8xs.png,true,false,2026-02-12 05:35:25.632329+00,false,
83a336e1-77a6-43d8-a092-94a3a2b37d4d,2cfc64e1-b0bf-47f5-9966-579867456498,Nagato roll,"Champiñón, queso crema, pimentón envuelto en palta con topping de cebolla caramelizada",4700,,true,false,2026-02-12 05:35:25.632329+00,false,
8521d538-e437-4284-87ea-1acd2d467985,cf3bee05-fb7d-482a-8f2d-40b95a8da915,Smook hot,"Salmón, kanikama apanado, queso crema, palta en panko",6500,,false,false,2026-02-12 05:35:25.632329+00,false,
8555ac09-943c-45b8-907e-007663a9c585,54792bbb-44d8-463a-9309-d38d194e7c1f,Maracuyá roll,"Salmón tempura, palta y tempura crispy en queso y salsa de maracuyá",6500,,true,false,2026-02-12 05:35:25.632329+00,false,
85789d26-f043-444a-9d4b-94ec79d7386c,2cfc64e1-b0bf-47f5-9966-579867456498,Exótico roll,"Champiñón tempura, queso crema, mango, pepino en plátano",4700,,true,false,2026-02-12 05:35:25.632329+00,false,
865b7248-8b7b-426e-b2c7-75bd52f427a6,299de3b3-012f-4069-af46-24ffa3f67f49,Tallarines a la Huancaína con Pollo,Tallarines en salsa huancaína acompañado de pollo,9000,,true,false,2026-02-12 05:35:25.632329+00,false,
8f94eb98-3e0a-4f7f-bf10-adab8d1e7abd,fa4e3ca6-f567-4052-8b67-06a054989732,Acevichado hot,"Kanikama tempura, palta en panko con topping de ceviche de reineta",7500,,true,false,2026-02-12 05:35:25.632329+00,false,
901a615e-bbe4-40bc-a0eb-80da6bf2ff84,270399c6-56d6-4f7c-8800-3e346317f4ca,Ebi roll,"Camarón, queso crema, palta en sésamo",5700,,true,false,2026-02-12 05:35:25.632329+00,false,
9333e63f-3bdb-4f81-944d-f0c6ab96ae7c,31b22d2f-e65c-4b90-b338-5bf8f2892314,Ebi Cheese,"5 camarones, queso crema apanados y salsa acevichada",4000,https://res.cloudinary.com/dzdgrm4ub/image/upload/v1771044220/menu/ufm6y6lenhyyegyg65g3.png,true,false,2026-02-12 05:35:25.632329+00,false,
956e8f58-975d-4267-9042-a83717af693a,cf3bee05-fb7d-482a-8f2d-40b95a8da915,Sake hot,"Salmón, queso crema, cebollín en panko",6000,,true,false,2026-02-12 05:35:25.632329+00,false,
95d2b050-a281-410b-91ba-abec85400522,54792bbb-44d8-463a-9309-d38d194e7c1f,Platano roll,"Queso crema, cebollín, pollo envuelto en plátano",6000,,true,false,2026-02-12 05:35:25.632329+00,false,
9acf04be-2f86-46c0-be03-f4cfcf6f775c,54792bbb-44d8-463a-9309-d38d194e7c1f,Acevichado roll,"Camarón apanado, palta en sésamo coronado con fresco y exquisito ceviche reineta",8000,,true,false,2026-02-12 05:35:25.632329+00,false,
9e2c0eb7-aff6-4660-bf42-914f5fb9e0e3,2cfc64e1-b0bf-47f5-9966-579867456498,Namikaze roll,"Champiñón, queso crema y cebollín en sésamo",4500,,true,false,2026-02-12 05:35:25.632329+00,false,
a1c4bcf3-16b2-44d0-9ce0-0fa781f08ace,299de3b3-012f-4069-af46-24ffa3f67f49,Tallarines a la Huancaína con Lomo,Tallarines en salsa huancaína acompañado de lomo,11500,,true,false,2026-02-12 05:35:25.632329+00,false,
a302d701-4bee-4b70-a88c-cec241abb554,9db40b16-3b36-4aed-b0e5-4acba23a14f3,40 Piezas,"10 piezas de pollo en sésamo o ciboulette, 10 piezas de camarón en queso crema, 10 piezas de kanikama en panko, 10 piezas de salmón en palta",14500,https://res.cloudinary.com/dzdgrm4ub/image/upload/v1771048397/menu/tqkpgcn0hlnd9gni9de4.png,true,false,2026-02-12 05:35:25.632329+00,false,
a4b01af7-50f4-4f07-beb7-2f18b709a09b,270399c6-56d6-4f7c-8800-3e346317f4ca,Ebi cheese,"Camarón apanado, palta en queso crema flameado y salsa tery",5900,,false,false,2026-02-12 05:35:25.632329+00,false,
ac1c202e-9ef0-4fb8-b482-226e4102cc86,270399c6-56d6-4f7c-8800-3e346317f4ca,Kilua,"Pollo apanado, palta, cebollín en queso crema",5600,,true,false,2026-02-12 05:35:25.632329+00,false,
ac7c5104-d85f-4dbd-a784-6b3328967106,bdf2521b-3bc8-4243-aed6-a6d0f16bee71,Gohan de Salmón Camarones,"Bowl con base de arroz, palta, cebollín y queso crema con salmón y camarones",7500,,true,false,2026-02-12 05:35:25.632329+00,false,
adc9c396-740f-4a12-be40-edadc4d05ca0,70eea4ad-a3e6-45da-b976-86463d433da3,Sashimi 6 Cortes,6 cortes de salmón,6000,https://res.cloudinary.com/dzdgrm4ub/image/upload/v1771044256/menu/mwjjudxttdb1vidyyolj.png,true,false,2026-02-12 05:35:25.632329+00,false,
af5e154d-1c4b-4103-a794-81f1b0fd8cf0,9db40b16-3b36-4aed-b0e5-4acba23a14f3,30 Piezas,"10 piezas de pollo en sésamo o ciboulette, 10 piezas de camarón en palta, 10 piezas de kanikama en panko",11500,https://res.cloudinary.com/dzdgrm4ub/image/upload/v1771048001/menu/kbkgkodjqe37yrnvdupq.png,true,false,2026-02-12 05:35:25.632329+00,false,
b0fe62eb-c406-413f-add5-9f7a4c185384,270399c6-56d6-4f7c-8800-3e346317f4ca,Maguro roll,"Atún, palta en queso crema",6000,,false,false,2026-02-12 05:35:25.632329+00,false,
b15bed64-0290-4c4d-a53e-b37762adbc46,668e6e50-01b0-4b82-b842-1bf85eb6e1b4,Ceviche de Ají Amarillo,"Finos cortes de reineta y camarón en salsa acevichada con un toque de salsa de ají amarillo, palta y cilantro",10000,,true,false,2026-02-12 05:35:25.632329+00,false,
b1b1c61c-ade9-414c-b5e8-8ba54cc3969a,31b22d2f-e65c-4b90-b338-5bf8f2892314,Wakame,Frescas algas aderezadas,4000,,false,false,2026-02-12 05:35:25.632329+00,false,
b388b024-d422-427f-9502-9ef8ee09522b,668e6e50-01b0-4b82-b842-1bf85eb6e1b4,Palta Acevichada,"Cuadritos de palta, pimentón, coronada con ceviche de reineta salsa de ají amarillo y un toque de masago",12000,,true,false,2026-02-12 05:35:25.632329+00,false,
b558482d-0390-4ce5-ba3c-cdd57d76b1a7,54792bbb-44d8-463a-9309-d38d194e7c1f,Rainbow roll,"Salmón, camarón, queso crema y mango en plaqueta mixta de pescados, mango y palta",7000,,true,false,2026-02-12 05:35:25.632329+00,false,
b6ecfb4f-7f61-46d0-9d90-70e433c6099f,668e6e50-01b0-4b82-b842-1bf85eb6e1b4,Ceviche de Champiñón,"Champiñones frescos, pimentón, cebolla, leche tigre, limón, camote cocido palta y cilantro",8000,,true,false,2026-02-12 05:35:25.632329+00,false,
ba327104-97f1-4d06-b557-5ddce5038830,9db40b16-3b36-4aed-b0e5-4acba23a14f3,50 Piezas,"10 piezas de pollo en queso crema, 10 piezas de camarón en salmón, 10 piezas de salmón en palta, 10 piezas de kanikama en panko, 10 piezas de pollo en panko",18000,,true,false,2026-02-12 05:35:25.632329+00,false,
ba7715f6-d711-4042-889a-ff1715e902c8,bdf2521b-3bc8-4243-aed6-a6d0f16bee71,Gohan Acevichado,"Bowl con base de arroz, palta, cebollín y queso crema con proteína acevichada",8000,,true,false,2026-02-12 05:35:25.632329+00,false,
bc411de4-10b1-44ab-8f2c-d55fdd14b2eb,66ec04c4-f5cd-45c4-a004-631367cdbbc5,California Roll,"Kanikama, pepino, palta envuelto en masago",4500,https://res.cloudinary.com/dzdgrm4ub/image/upload/v1771045806/menu/iq0eetlnm67x3gonsr1u.png,true,false,2026-02-12 05:35:25.632329+00,false,
bf23d0b4-bb84-4a9a-ad92-cdafdc750683,cf3bee05-fb7d-482a-8f2d-40b95a8da915,Chicken hot,"Pollo apanado, queso crema, cebollín envuelto en panko",5000,https://res.cloudinary.com/dzdgrm4ub/image/upload/v1771046455/menu/olnjiezaxnbgczk1moca.png,true,false,2026-02-12 05:35:25.632329+00,false,
c5b459b9-cbad-4ae5-9f45-3cad9cf1aaae,54792bbb-44d8-463a-9309-d38d194e7c1f,Fuji roll,"Camarones apanado, queso crema, con topping de camarones en tempura y exquisita salsa fuji",8000,,true,false,2026-02-12 05:35:25.632329+00,false,
cad19e26-8890-4fea-85fd-fb8c50cd0ab6,66ec04c4-f5cd-45c4-a004-631367cdbbc5,Mango California,"Mango, queso crema, kanikama apanado en sésamo ",4500,,true,false,2026-02-12 05:35:25.632329+00,false,
cae1f3cd-a605-46cd-8270-cca78f29e865,668e6e50-01b0-4b82-b842-1bf85eb6e1b4,Tiraditos de Salmón,12 finos cortes de salmón bañados en salsa especial oishi con un toque de salsa spice,12500,,true,false,2026-02-12 05:35:25.632329+00,false,
cdca8ef8-e4a8-4c6f-ae61-10445dde0e02,2cfc64e1-b0bf-47f5-9966-579867456498,Primavera roll,"Lechuga, queso crema, mango, palta, pepino,
Envuelto en hoja de nori con salsa ponzu",5500,,true,false,2026-02-12 05:35:25.632329+00,false,
cdd693fb-8f2c-4ad8-9983-49b441fe913a,bddba677-1036-4a04-af1c-c4883f4bcf83,Onion roll,"Palta, champiñón tempura y cebollín en panko topping de aros de cebolla",4900,,true,false,2026-02-12 05:35:25.632329+00,false,
ce479cfe-c99d-4fc8-b2fe-60dedb6d3aa1,fa4e3ca6-f567-4052-8b67-06a054989732,Oishi hot,"Camaron aplanado, queso crema, cebollín envuelto en Panko. Topping de camarón, mayonesa, cebollín un toque de salsa picante, salsa Fuji y salsa tery",7500,,true,false,2026-02-12 05:35:25.632329+00,false,
cee0c66e-2b80-4169-87b1-08197e3b1974,299de3b3-012f-4069-af46-24ffa3f67f49,Salmón al Grill,Salmón bañado con pebre y con un toque de salsa ají amarillo acompañado con arroz o papas,12500,,true,false,2026-02-12 05:35:25.632329+00,false,
cf0f02e6-b2df-4dba-ac77-451e7390935c,bddba677-1036-4a04-af1c-c4883f4bcf83,Guacamole vegan,"Champiñón tempura, pepino y cebollín en panko con topping de guacamole",6000,,true,false,2026-02-12 05:35:25.632329+00,false,
d066a1cd-9671-48e2-987b-d7f9fd203528,bddba677-1036-4a04-af1c-c4883f4bcf83,Palmito hot,"Palmito, palta, cebollín en panko con topping de verduras salteadas y papas al hilo",7000,,true,false,2026-02-12 05:35:25.632329+00,false,
d1b0c28a-ab20-4932-9157-4251bd2029cb,9db40b16-3b36-4aed-b0e5-4acba23a14f3,60 Piezas,"10 piezas de pollo en sésamo o ciboulette, 10 piezas de salmón en palta, 10 piezas de camarón en salmón, 10 piezas de champiñón en plátano, 10 piezas de pollo en queso crema, 10 piezas de kanikama en panko",23000,https://res.cloudinary.com/dzdgrm4ub/image/upload/v1771087144/menu/glrkcsqar7srsmuf4aih.jpg,true,false,2026-02-12 05:35:25.632329+00,false,
d34d6fdd-ed93-450e-9c17-a468dfb0c8d8,299de3b3-012f-4069-af46-24ffa3f67f49,Tataki de Atún,Atún sellado con pimienta y aceite de sésamo acompañado de arroz y verduras salteadas,10500,,true,false,2026-02-12 05:35:25.632329+00,false,
d74a36ce-5ce9-42ef-b283-fac0b42cec03,26c437fa-bfb1-4aee-942b-a1460aad5ef0,Yamato roll,"Salmón, camarón, lechuga, pepino, queso crema, cilantro en hoja de nori y salsa ponzu",7000,,true,false,2026-02-12 05:35:25.632329+00,false,
d9a57823-0b3f-442d-a0f2-c8e564c6df01,31b22d2f-e65c-4b90-b338-5bf8f2892314,Ebi Furay,"5 camarones apanados con salsa acevichada ",4000,https://res.cloudinary.com/dzdgrm4ub/image/upload/v1771044233/menu/jvjy94zjyzzljqaigt4l.png,true,false,2026-02-12 05:35:25.632329+00,false,
da37cc55-2ea0-4671-ad6e-8ff4b45e39e1,2cfc64e1-b0bf-47f5-9966-579867456498,Minato roll,"Palmito, queso crema, pepino envuelto en mango y salsa de maracuyá",4800,,true,false,2026-02-12 05:35:25.632329+00,false,
db5e7625-8eca-45df-8693-1ddc864b36d1,31b22d2f-e65c-4b90-b338-5bf8f2892314,Gyozas Pollo o Cerdo,5 unidades de gyozas de pollo o cerdo,3800,,false,false,2026-02-12 05:35:25.632329+00,false,
dba2d759-9fb7-48ba-b395-e2fa93267458,26c437fa-bfb1-4aee-942b-a1460aad5ef0,Naruto roll,"Kanikama, salmón, queso crema, camarón y cebollín, envuelto en plaqueta mixta",7000,,true,false,2026-02-12 05:35:25.632329+00,false,
dbdae405-6ee4-4800-b00b-fe8d93117121,66ec04c4-f5cd-45c4-a004-631367cdbbc5,Ebi California,"Camarón apanado, queso crema y cebollín",4700,,true,false,2026-02-12 05:35:25.632329+00,false,
dde15828-59db-45c3-84c0-c0db65a3fe5c,9db40b16-3b36-4aed-b0e5-4acba23a14f3,Handroll Camaron/Salmon,"Queso crema, cebollin 
Puede escoger entre camaron o salmon",3500,,true,false,2026-02-15 04:26:00.851323+00,false,
e0439a44-8b41-438d-86c3-3d0b720458b9,270399c6-56d6-4f7c-8800-3e346317f4ca,Avocado de camarón,"Camarón, queso crema, cebollín envuelto en palta",5700,https://res.cloudinary.com/dzdgrm4ub/image/upload/v1771128218/menu/dbbcunf8kmprsaitk60j.png,true,false,2026-02-12 05:35:25.632329+00,false,
e3a1a0a7-d057-4644-a96f-57fd805d75d2,668e6e50-01b0-4b82-b842-1bf85eb6e1b4,Ceviche de Reineta,"Reineta fresca, cebolla, leche de tigre, limón, camote cocido, canchita choclo peruano y cilantro",10000,,true,false,2026-02-12 05:35:25.632329+00,false,
e5ad02ac-2d12-47c7-bd9d-b57ad7a49bfb,26c437fa-bfb1-4aee-942b-a1460aad5ef0,Itachi roll,"Salmón tempurizado, queso crema, kanikama apanado, cebollín en plátano con salsa tery",7000,,true,false,2026-02-12 05:35:25.632329+00,false,
e60d70fa-36c2-421b-a482-bd576e44bddb,fa4e3ca6-f567-4052-8b67-06a054989732,Dinamita hot,"Kanikama apanado, queso crema, palta en panko con topping de salmon apanado, mayonesa y salsa picante",6500,,false,false,2026-02-12 05:35:25.632329+00,false,
e768de03-0782-460a-8aa4-a84892d54c85,270399c6-56d6-4f7c-8800-3e346317f4ca,Avocado de Salmón,"Salmón, queso crema envuelto en palta",6000,https://res.cloudinary.com/dzdgrm4ub/image/upload/v1771043885/menu/reulq88od0bui3o3nhiu.png,true,false,2026-02-12 05:35:25.632329+00,false,
f0597e12-5034-4861-8c05-5d711b2a24a5,668e6e50-01b0-4b82-b842-1bf85eb6e1b4,Ceviche Mixto,"Finos cortes de reineta, salmón y camarón, leche tigre, limón, camote cocido canchita, choclo peruano y cilantro",10500,,true,false,2026-02-12 05:35:25.632329+00,false,
f05a2cf0-dd50-423c-b7fe-ac82ed53de13,31b22d2f-e65c-4b90-b338-5bf8f2892314,Ensalada Dinamita,Wakame y kanikama con salsa acevichada,5000,,false,false,2026-02-12 05:35:25.632329+00,false,
f0a15365-5d32-4e2a-8e43-8f6a7fbd9ed5,fa4e3ca6-f567-4052-8b67-06a054989732,Vulcan roll,"Camarón apanado, palta, envuelto en panko con topping de salmón gratinado y salsa tery",7000,,true,false,2026-02-12 05:35:25.632329+00,false,
f2be3779-6361-4c15-aca7-1d6064702466,2cfc64e1-b0bf-47f5-9966-579867456498,Tropical,"Palmito, mango, queso crema envuelto en palta",5000,,true,false,2026-02-12 05:35:25.632329+00,false,
f36383ab-f89c-4ca1-a2f6-d60c0f2b9981,668e6e50-01b0-4b82-b842-1bf85eb6e1b4,Ceviche de Salmón,"Finos cortes de salmón, cebolla, leche de tigre, limón, camote cocido, canchita choclo peruano y cilantro",10500,,true,false,2026-02-12 05:35:25.632329+00,false,
f40fe944-0820-4d02-9881-7e17d1fe5af8,bdf2521b-3bc8-4243-aed6-a6d0f16bee71,Gohan de Salmón,"Bowl con base de arroz, palta, cebollín y queso crema con salmón",7000,,true,false,2026-02-12 05:35:25.632329+00,false,
f45d2003-66ed-4c77-b6d9-4d795c5f0e4b,cf3bee05-fb7d-482a-8f2d-40b95a8da915,Ebi hot,"Camarón, queso crema, cebollín en panko",5200,,true,false,2026-02-12 05:35:25.632329+00,false,
f61bbd72-1cc7-472d-ac4a-61ab4910532f,270399c6-56d6-4f7c-8800-3e346317f4ca,"Chicken krispy ","Pollo apanado, queso crema, cebollín envuelto en palta",5500,https://res.cloudinary.com/dzdgrm4ub/image/upload/v1771044130/menu/mk1ynah32varmvrk64cu.png,true,false,2026-02-12 05:35:25.632329+00,false,
f6e865c8-fc3f-4e32-9d2c-c6eeb0af9dfd,31b22d2f-e65c-4b90-b338-5bf8f2892314,Ebi Balls,"5 bolitas de camarón, queso crema apanado y salsa funji",4500,https://res.cloudinary.com/dzdgrm4ub/image/upload/v1771044211/menu/xwbapxdff7pxochep4qp.png,true,false,2026-02-12 05:35:25.632329+00,false,
f78ba725-e163-4c6f-aa16-17594e62992b,2cfc64e1-b0bf-47f5-9966-579867456498,Ghambitho roll,Vegetales temporizados con queso crema envuelto en ciboulette,4500,,true,false,2026-02-12 05:35:25.632329+00,false,
fdd3b14b-8d95-4310-b2b1-e9994f77426b,66ec04c4-f5cd-45c4-a004-631367cdbbc5,Tuna California,"Atún, queso y pepino",5000,,false,false,2026-02-12 05:35:25.632329+00,false,